,Title,Date,day_of_week,month,Shows,len,title,Unnamed: 0,show_id,type,director,cast,country,date_added,release_year,rating,duration,listed_in,description,Unnamed: 0.1,tconst,titleType,primaryTitle,isAdult,startYear,endYear,runtimeMinutes,genres
0,The Avengers,2020-12-09,Wednesday,December,['The Avengers'],1.0,The Avengers,87073.0,,,,,,,,,,,,115998.0,tt0118661,movie,The Avengers,0.0,1998,N,89.0,"Action,Adventure,Sci-Fi"
1,The Avengers,2020-12-09,Wednesday,December,['The Avengers'],1.0,The Avengers,87074.0,,,,,,,,,,,,162297.0,tt0167779,movie,The Avengers,0.0,1950,N,90.0,Adventure
2,The Avengers,2020-12-09,Wednesday,December,['The Avengers'],1.0,The Avengers,87075.0,,,,,,,,,,,,822271.0,tt0848228,movie,The Avengers,0.0,2012,N,143.0,"Action,Adventure,Sci-Fi"
3,Crazy Rich Asians,2020-12-09,Wednesday,December,['Crazy Rich Asians'],1.0,Crazy Rich Asians,272936.0,,,,,,,,,,,,4323911.0,tt3104988,movie,Crazy Rich Asians,0.0,2018,N,120.0,"Comedy,Drama,Romance"
4,The Hunger Games: Catching Fire,2020-12-09,Wednesday,December,"['The Hunger Games', ' Catching Fire']",2.0,The Hunger Games: Catching Fire,243458.0,,,,,,,,,,,,3618315.0,tt1951264,movie,The Hunger Games: Catching Fire,0.0,2013,N,146.0,"Action,Adventure,Mystery"
5,The Hunger Games,2020-12-08,Tuesday,December,['The Hunger Games'],1.0,The Hunger Games,219657.0,,,,,,,,,,,,3081417.0,tt1392170,movie,The Hunger Games,0.0,2012,N,142.0,"Action,Adventure,Sci-Fi"
6,The Hunger Games: Mockingjay - Part 1,2020-12-07,Monday,December,"['The Hunger Games', ' Mockingjay - Part 1']",2.0,The Hunger Games: Mockingjay - Part 1,243459.0,,,,,,,,,,,,3618316.0,tt1951265,movie,The Hunger Games: Mockingjay - Part 1,0.0,2014,N,123.0,"Action,Adventure,Sci-Fi"
7,Badla,2020-12-06,Sunday,December,['Badla'],1.0,Badla,5073.0,81112446.0,Movie,Sujoy Ghosh,"Amitabh Bachchan, Taapsee Pannu, Amrita Singh, Tony Luke, Manav Kaul",India,"August 7, 2019",2019.0,TV-14,117 min,"International Movies, Thrillers","When a woman is accused of killing her lover, a renowned lawyer is hired – but the more they try to  untangle the truth, the more convoluted it becomes.",342915.0,tt0357459,movie,Badla,0.0,1974,N,112.0,Thriller
8,Badla,2020-12-06,Sunday,December,['Badla'],1.0,Badla,5074.0,81112446.0,Movie,Sujoy Ghosh,"Amitabh Bachchan, Taapsee Pannu, Amrita Singh, Tony Luke, Manav Kaul",India,"August 7, 2019",2019.0,TV-14,117 min,"International Movies, Thrillers","When a woman is accused of killing her lover, a renowned lawyer is hired – but the more they try to  untangle the truth, the more convoluted it becomes.",2711197.0,tt1305001,movie,Badla,0.0,1968,N,121.0,Musical
9,Badla,2020-12-06,Sunday,December,['Badla'],1.0,Badla,5075.0,81112446.0,Movie,Sujoy Ghosh,"Amitabh Bachchan, Taapsee Pannu, Amrita Singh, Tony Luke, Manav Kaul",India,"August 7, 2019",2019.0,TV-14,117 min,"International Movies, Thrillers","When a woman is accused of killing her lover, a renowned lawyer is hired – but the more they try to  untangle the truth, the more convoluted it becomes.",5948084.0,tt6754978,movie,Badla,0.0,2010,N,149.0,"Action,Drama,Romance"
10,Badla,2020-12-06,Sunday,December,['Badla'],1.0,Badla,5076.0,81112446.0,Movie,Sujoy Ghosh,"Amitabh Bachchan, Taapsee Pannu, Amrita Singh, Tony Luke, Manav Kaul",India,"August 7, 2019",2019.0,TV-14,117 min,"International Movies, Thrillers","When a woman is accused of killing her lover, a renowned lawyer is hired – but the more they try to  untangle the truth, the more convoluted it becomes.",6299179.0,tt7511032,movie,Badla,0.0,1987,N,143.0,"Drama,Family"
11,Badla,2020-12-06,Sunday,December,['Badla'],1.0,Badla,5077.0,81112446.0,Movie,Sujoy Ghosh,"Amitabh Bachchan, Taapsee Pannu, Amrita Singh, Tony Luke, Manav Kaul",India,"August 7, 2019",2019.0,TV-14,117 min,"International Movies, Thrillers","When a woman is accused of killing her lover, a renowned lawyer is hired – but the more they try to  untangle the truth, the more convoluted it becomes.",6588984.0,tt8130968,movie,Badla,0.0,2019,N,118.0,"Crime,Drama,Mystery"
12,Now You See Me 2,2020-12-06,Sunday,December,['Now You See Me 2'],1.0,Now You See Me 2,273079.0,,,,,,,,,,,,4326398.0,tt3110958,movie,Now You See Me 2,0.0,2016,N,129.0,"Action,Adventure,Comedy"
13,Harry Potter and the Order of the Phoenix,2020-12-06,Sunday,December,['Harry Potter and the Order of the Phoenix'],1.0,Harry Potter and the Order of the Phoenix,153985.0,,,,,,,,,,,,358798.0,tt0373889,movie,Harry Potter and the Order of the Phoenix,0.0,2007,N,138.0,"Action,Adventure,Family"
14,Avengers: Age of Ultron,2020-12-05,Saturday,December,"['Avengers', ' Age of Ultron']",2.0,Avengers: Age of Ultron,259839.0,,,,,,,,,,,,4024827.0,tt2395427,movie,Avengers: Age of Ultron,0.0,2015,N,141.0,"Action,Adventure,Sci-Fi"
15,Spider-Man: Homecoming,2020-12-04,Friday,December,"['Spider-Man', ' Homecoming']",2.0,Spider-Man: Homecoming,254384.0,,,,,,,,,,,,3897305.0,tt2250912,movie,Spider-Man: Homecoming,0.0,2017,N,133.0,"Action,Adventure,Sci-Fi"
16,Captain America: Civil War,2020-12-01,Tuesday,December,"['Captain America', ' Civil War']",2.0,Captain America: Civil War,280062.0,,,,,,,,,,,,4494308.0,tt3498820,movie,Captain America: Civil War,0.0,2016,N,147.0,"Action,Adventure,Sci-Fi"
17,The Amazing Spider-Man 2,2020-11-28,Saturday,November,['The Amazing Spider-Man 2'],1.0,The Amazing Spider-Man 2,241081.0,,,,,,,,,,,,3542331.0,tt1872181,movie,The Amazing Spider-Man 2,0.0,2014,N,142.0,"Action,Adventure,Sci-Fi"
18,Harry Potter and the Deathly Hallows: Part 1,2020-11-26,Thursday,November,"['Harry Potter and the Deathly Hallows', ' Part 1']",2.0,Harry Potter and the Deathly Hallows: Part 1,177852.0,,,,,,,,,,,,897464.0,tt0926084,movie,Harry Potter and the Deathly Hallows: Part 1,0.0,2010,N,146.0,"Adventure,Family,Fantasy"
19,The Amazing Spider-Man,2020-11-24,Tuesday,November,['The Amazing Spider-Man'],1.0,The Amazing Spider-Man,178365.0,,,,,,,,,,,,919209.0,tt0948470,movie,The Amazing Spider-Man,0.0,2012,N,136.0,"Action,Adventure,Sci-Fi"
20,Harry Potter and the Half-Blood Prince,2020-11-22,Sunday,November,['Harry Potter and the Half-Blood Prince'],1.0,Harry Potter and the Half-Blood Prince,160874.0,,,,,,,,,,,,401158.0,tt0417741,movie,Harry Potter and the Half-Blood Prince,0.0,2009,N,153.0,"Action,Adventure,Family"
21,Race 2,2020-11-14,Saturday,November,['Race 2'],1.0,Race 2,1007.0,70229046.0,Movie,"Abbas Alibhai Burmawalla, Mastan Alibhai Burmawalla","Anil Kapoor, Saif Ali Khan, John Abraham, Deepika Padukone, Jacqueline Fernandez, Ameesha Patel, Rajesh Khattar, Chunky Pandey",India,"October 1, 2018",2013.0,TV-14,139 min,"Action & Adventure, International Movies, Music & Musicals","In this sequel set in the world of horse racing, half-brothers Ranvir and Rajiv Singh return for another complex tale of love, greed and violence.",3065539.0,tt1375789,movie,Race 2,0.0,2013,N,150.0,"Action,Crime,Thriller"
22,Coach Carter,2020-11-13,Friday,November,['Coach Carter'],1.0,Coach Carter,3827.0,70019004.0,Movie,Thomas Carter,"Samuel L. Jackson, Rob Brown, Robert Ri'chard, Rick Gonzalez, Nana Gbewonyo, Antwon Tanner, Channing Tatum, Ashanti, Texas Battle, Denise Dowse, Debbi Morgan","United States, Germany","January 1, 2020",2005.0,PG-13,137 min,"Dramas, Sports Movies",Controversial basketball coach Ken Carter puts school before sports and benches his undefeated high school team for poor academic performance.,377251.0,tt0393162,movie,Coach Carter,0.0,2005,N,136.0,"Biography,Drama,Sport"
23,Don 2,2020-11-12,Thursday,November,['Don 2'],1.0,Don 2,4835.0,70224999.0,Movie,Farhan Akhtar,"Shah Rukh Khan, Priyanka Chopra, Boman Irani, Lara Dutta, Kunal Kapoor, Om Puri, Alyy Khan, Nawab Shah","India, Germany","December 15, 2019",2011.0,TV-14,148 min,"Action & Adventure, International Movies, Music & Musicals","With Asia under his complete control, criminal mastermind Don turns to Europe, battling the mob bosses of each nation along the way.",2597959.0,tt1285241,movie,Don 2,0.0,2011,N,148.0,"Action,Crime,Thriller"
24,21,2020-11-09,Monday,November,['21'],1.0,21,3801.0,70084788.0,Movie,Robert Luketic,"Jim Sturgess, Kevin Spacey, Kate Bosworth, Aaron Yoo, Liza Lapira, Jacob Pitts, Laurence Fishburne, Jack McGee, Josh Gad, Sam Golzari, Helen Carey, Jack Gilpin",United States,"January 1, 2020",2008.0,PG-13,123 min,Dramas,A brilliant group of students become card-counting experts with the intent of swindling millions out of Las Vegas casinos by playing blackjack.,215310.0,tt0224451,movie,21,0.0,2000,N,105.0,"Comedy,Drama,Romance"
25,21,2020-11-09,Monday,November,['21'],1.0,21,3802.0,70084788.0,Movie,Robert Luketic,"Jim Sturgess, Kevin Spacey, Kate Bosworth, Aaron Yoo, Liza Lapira, Jacob Pitts, Laurence Fishburne, Jack McGee, Josh Gad, Sam Golzari, Helen Carey, Jack Gilpin",United States,"January 1, 2020",2008.0,PG-13,123 min,Dramas,A brilliant group of students become card-counting experts with the intent of swindling millions out of Las Vegas casinos by playing blackjack.,459918.0,tt0478087,movie,21,0.0,2008,N,123.0,"Crime,Drama,History"
26,21,2020-11-09,Monday,November,['21'],1.0,21,3803.0,70084788.0,Movie,Robert Luketic,"Jim Sturgess, Kevin Spacey, Kate Bosworth, Aaron Yoo, Liza Lapira, Jacob Pitts, Laurence Fishburne, Jack McGee, Josh Gad, Sam Golzari, Helen Carey, Jack Gilpin",United States,"January 1, 2020",2008.0,PG-13,123 min,Dramas,A brilliant group of students become card-counting experts with the intent of swindling millions out of Las Vegas casinos by playing blackjack.,785334.0,tt0809996,movie,21,0.0,2002,N,53.0,Comedy
27,21,2020-11-09,Monday,November,['21'],1.0,21,3804.0,70084788.0,Movie,Robert Luketic,"Jim Sturgess, Kevin Spacey, Kate Bosworth, Aaron Yoo, Liza Lapira, Jacob Pitts, Laurence Fishburne, Jack McGee, Josh Gad, Sam Golzari, Helen Carey, Jack Gilpin",United States,"January 1, 2020",2008.0,PG-13,123 min,Dramas,A brilliant group of students become card-counting experts with the intent of swindling millions out of Las Vegas casinos by playing blackjack.,5203177.0,tt5097012,movie,21,0.0,2016,N,98.0,Horror
28,2 States,2020-11-08,Sunday,November,['2 States'],1.0,2 States,5114.0,70303426.0,Movie,Abhishek Varman,"Alia Bhatt, Arjun Kapoor, Ronit Roy, Amrita Singh, Revathy, Aru Krishansh Verma",India,"August 4, 2018",2014.0,TV-PG,143 min,"Comedies, Dramas, International Movies","Graduate students Krish and Ananya hope to win their parents' approval before they marry, but the two families clash over their cultural differences.",2060879.0,tt11912390,movie,2 States,0.0,2020,N,131.0,"Comedy,Romance"
29,2 States,2020-11-08,Sunday,November,['2 States'],1.0,2 States,5115.0,70303426.0,Movie,Abhishek Varman,"Alia Bhatt, Arjun Kapoor, Ronit Roy, Amrita Singh, Revathy, Aru Krishansh Verma",India,"August 4, 2018",2014.0,TV-PG,143 min,"Comedies, Dramas, International Movies","Graduate students Krish and Ananya hope to win their parents' approval before they marry, but the two families clash over their cultural differences.",4004783.0,tt2372678,movie,2 States,0.0,2014,N,149.0,"Comedy,Drama,Romance"
30,Happy New Year,2020-11-08,Sunday,November,['Happy New Year'],1.0,Happy New Year,4403.0,80017528.0,Movie,Farah Khan,"Shah Rukh Khan, Deepika Padukone, Abhishek Bachchan, Sonu Sood, Boman Irani, Vivaan Shah",India,"February 1, 2017",2014.0,TV-14,179 min,"Action & Adventure, Comedies, Dramas",A revenge-seeking diamond thief gathers a ragtag crew to infiltrate a Dubai hotel hosting a dance contest. But first they have to learn how to dance.,91122.0,tt0093145,movie,Happy New Year,0.0,1987,N,85.0,"Comedy,Crime,Romance"
31,Happy New Year,2020-11-08,Sunday,November,['Happy New Year'],1.0,Happy New Year,4404.0,80017528.0,Movie,Farah Khan,"Shah Rukh Khan, Deepika Padukone, Abhishek Bachchan, Sonu Sood, Boman Irani, Vivaan Shah",India,"February 1, 2017",2014.0,TV-14,179 min,"Action & Adventure, Comedies, Dramas",A revenge-seeking diamond thief gathers a ragtag crew to infiltrate a Dubai hotel hosting a dance contest. But first they have to learn how to dance.,2260601.0,tt1226274,movie,Happy New Year,0.0,2011,N,104.0,"Drama,War"
32,Happy New Year,2020-11-08,Sunday,November,['Happy New Year'],1.0,Happy New Year,4405.0,80017528.0,Movie,Farah Khan,"Shah Rukh Khan, Deepika Padukone, Abhishek Bachchan, Sonu Sood, Boman Irani, Vivaan Shah",India,"February 1, 2017",2014.0,TV-14,179 min,"Action & Adventure, Comedies, Dramas",A revenge-seeking diamond thief gathers a ragtag crew to infiltrate a Dubai hotel hosting a dance contest. But first they have to learn how to dance.,2612890.0,tt1287839,movie,Happy New Year,0.0,2008,N,94.0,Drama
33,Happy New Year,2020-11-08,Sunday,November,['Happy New Year'],1.0,Happy New Year,4406.0,80017528.0,Movie,Farah Khan,"Shah Rukh Khan, Deepika Padukone, Abhishek Bachchan, Sonu Sood, Boman Irani, Vivaan Shah",India,"February 1, 2017",2014.0,TV-14,179 min,"Action & Adventure, Comedies, Dramas",A revenge-seeking diamond thief gathers a ragtag crew to infiltrate a Dubai hotel hosting a dance contest. But first they have to learn how to dance.,4056567.0,tt2461132,movie,Happy New Year,0.0,2014,N,180.0,"Action,Comedy,Music"
34,17 Again,2020-11-01,Sunday,November,['17 Again'],1.0,17 Again,179084.0,,,,,,,,,,,,944495.0,tt0974661,movie,17 Again,0.0,2009,N,102.0,"Comedy,Drama,Fantasy"
35,Jab Harry Met Sejal,2020-10-30,Friday,October,['Jab Harry Met Sejal'],1.0,Jab Harry Met Sejal,4785.0,80206847.0,Movie,Imtiaz Ali,"Shah Rukh Khan, Anushka Sharma, Aru Krishansh Verma, Chandan Roy Sanyal, Evelyn Sharma, Kavi Shastri, Barbora Mudrochova, Paula Donner, Denis Dorokhov, Martavious Gayles",India,"December 2, 2017",2017.0,TV-14,142 min,"Comedies, International Movies, Romantic Movies",A philandering tour guide in Europe begins to develop feelings for one of his clients while helping her search for her lost engagement ring.,5604642.0,tt5997666,movie,When Harry Met Sejal,0.0,2017,N,143.0,"Comedy,Drama,Romance"
36,The Social Network,2020-10-30,Friday,October,['The Social Network'],1.0,The Social Network,209723.0,,,,,,,,,,,,2596721.0,tt1285016,movie,The Social Network,0.0,2010,N,120.0,"Biography,Drama"
37,My Next Guest with David Letterman and Shah Rukh Khan,2020-10-27,Tuesday,October,['My Next Guest with David Letterman and Shah Rukh Khan'],1.0,My Next Guest with David Letterman and Shah Rukh Khan,616.0,81121023.0,Movie,Michael Steed,"Shah Rukh Khan, David Letterman",,"October 25, 2019",2019.0,TV-PG,61 min,International Movies,"""King of Bollywood"" Shah Rukh Khan opens up about his rise to fame, his family and his billions of fans as he and Dave meet up in Mumbai and New York.",,,,,,,,,
38,Don,2020-10-25,Sunday,October,['Don'],1.0,Don,4540.0,20255837.0,Movie,Chandra Barot,"Amitabh Bachchan, Zeenat Aman, Pran, Iftekhar, Om Shivpuri, Satyendra Kapoor, P. Jairaj, Kamal Kapoor, Arpana Choudhry, Helen",India,"December 31, 2019",1978.0,TV-14,158 min,"Action & Adventure, Classic Movies, Dramas",A man who's a lookalike for a slain mob kingpin is asked by the police to impersonate the gangster and infiltrate his underworld organization.,75844.0,tt0077451,movie,Don,0.0,1978,N,175.0,"Action,Crime,Thriller"
39,Don,2020-10-25,Sunday,October,['Don'],1.0,Don,4541.0,20255837.0,Movie,Chandra Barot,"Amitabh Bachchan, Zeenat Aman, Pran, Iftekhar, Om Shivpuri, Satyendra Kapoor, P. Jairaj, Kamal Kapoor, Arpana Choudhry, Helen",India,"December 31, 2019",1978.0,TV-14,158 min,"Action & Adventure, Classic Movies, Dramas",A man who's a lookalike for a slain mob kingpin is asked by the police to impersonate the gangster and infiltrate his underworld organization.,444241.0,tt0461936,movie,Don,0.0,2006,N,178.0,"Action,Crime,Thriller"
40,Don,2020-10-25,Sunday,October,['Don'],1.0,Don,4542.0,20255837.0,Movie,Chandra Barot,"Amitabh Bachchan, Zeenat Aman, Pran, Iftekhar, Om Shivpuri, Satyendra Kapoor, P. Jairaj, Kamal Kapoor, Arpana Choudhry, Helen",India,"December 31, 2019",1978.0,TV-14,158 min,"Action & Adventure, Classic Movies, Dramas",A man who's a lookalike for a slain mob kingpin is asked by the police to impersonate the gangster and infiltrate his underworld organization.,774397.0,tt0798780,movie,Offside,0.0,2006,N,91.0,"Drama,Family"
41,Don,2020-10-25,Sunday,October,['Don'],1.0,Don,4543.0,20255837.0,Movie,Chandra Barot,"Amitabh Bachchan, Zeenat Aman, Pran, Iftekhar, Om Shivpuri, Satyendra Kapoor, P. Jairaj, Kamal Kapoor, Arpana Choudhry, Helen",India,"December 31, 2019",1978.0,TV-14,158 min,"Action & Adventure, Classic Movies, Dramas",A man who's a lookalike for a slain mob kingpin is asked by the police to impersonate the gangster and infiltrate his underworld organization.,1934854.0,tt1169270,movie,Don,0.0,2007,N,154.0,"Action,Crime,Drama"
42,Don,2020-10-25,Sunday,October,['Don'],1.0,Don,4544.0,20255837.0,Movie,Chandra Barot,"Amitabh Bachchan, Zeenat Aman, Pran, Iftekhar, Om Shivpuri, Satyendra Kapoor, P. Jairaj, Kamal Kapoor, Arpana Choudhry, Helen",India,"December 31, 2019",1978.0,TV-14,158 min,"Action & Adventure, Classic Movies, Dramas",A man who's a lookalike for a slain mob kingpin is asked by the police to impersonate the gangster and infiltrate his underworld organization.,3733146.0,tt2069986,movie,Don,0.0,1958,N,123.0,Crime
43,Don,2020-10-25,Sunday,October,['Don'],1.0,Don,4545.0,70059026.0,Movie,Farhan Akhtar,"Shah Rukh Khan, Priyanka Chopra, Arjun Rampal, Isha Koppikar, Kareena Kapoor, Boman Irani, Om Puri, Pavan Malhotra",India,"December 15, 2019",2006.0,TV-MA,169 min,"Action & Adventure, International Movies","A ruthless crime boss and drug lord is nabbed and held captive by the authorities, who send his naïve look-alike to infiltrate the man's gang.",75844.0,tt0077451,movie,Don,0.0,1978,N,175.0,"Action,Crime,Thriller"
44,Don,2020-10-25,Sunday,October,['Don'],1.0,Don,4546.0,70059026.0,Movie,Farhan Akhtar,"Shah Rukh Khan, Priyanka Chopra, Arjun Rampal, Isha Koppikar, Kareena Kapoor, Boman Irani, Om Puri, Pavan Malhotra",India,"December 15, 2019",2006.0,TV-MA,169 min,"Action & Adventure, International Movies","A ruthless crime boss and drug lord is nabbed and held captive by the authorities, who send his naïve look-alike to infiltrate the man's gang.",444241.0,tt0461936,movie,Don,0.0,2006,N,178.0,"Action,Crime,Thriller"
45,Don,2020-10-25,Sunday,October,['Don'],1.0,Don,4547.0,70059026.0,Movie,Farhan Akhtar,"Shah Rukh Khan, Priyanka Chopra, Arjun Rampal, Isha Koppikar, Kareena Kapoor, Boman Irani, Om Puri, Pavan Malhotra",India,"December 15, 2019",2006.0,TV-MA,169 min,"Action & Adventure, International Movies","A ruthless crime boss and drug lord is nabbed and held captive by the authorities, who send his naïve look-alike to infiltrate the man's gang.",774397.0,tt0798780,movie,Offside,0.0,2006,N,91.0,"Drama,Family"
46,Don,2020-10-25,Sunday,October,['Don'],1.0,Don,4548.0,70059026.0,Movie,Farhan Akhtar,"Shah Rukh Khan, Priyanka Chopra, Arjun Rampal, Isha Koppikar, Kareena Kapoor, Boman Irani, Om Puri, Pavan Malhotra",India,"December 15, 2019",2006.0,TV-MA,169 min,"Action & Adventure, International Movies","A ruthless crime boss and drug lord is nabbed and held captive by the authorities, who send his naïve look-alike to infiltrate the man's gang.",1934854.0,tt1169270,movie,Don,0.0,2007,N,154.0,"Action,Crime,Drama"
47,Don,2020-10-25,Sunday,October,['Don'],1.0,Don,4549.0,70059026.0,Movie,Farhan Akhtar,"Shah Rukh Khan, Priyanka Chopra, Arjun Rampal, Isha Koppikar, Kareena Kapoor, Boman Irani, Om Puri, Pavan Malhotra",India,"December 15, 2019",2006.0,TV-MA,169 min,"Action & Adventure, International Movies","A ruthless crime boss and drug lord is nabbed and held captive by the authorities, who send his naïve look-alike to infiltrate the man's gang.",3733146.0,tt2069986,movie,Don,0.0,1958,N,123.0,Crime
48,Raees,2020-10-20,Tuesday,October,['Raees'],1.0,Raees,1817.0,80164778.0,Movie,Rahul Dholakia,"Shah Rukh Khan, Mahira Khan, Nawazuddin Siddiqui, Mohammed Zeeshan Ayyub, Sheeba Chaddha, Shubham Chintamani, Shubham Tukaram, Atul Kulkarni, Narendra Jha, Jaideep Ahlawat, Sunny Leone",India,"May 26, 2017",2017.0,NR,143 min,"Action & Adventure, Dramas, International Movies","After street smart kid Raees rises to become Gujarat's bootlegging king in the 1980s, he tries to balance his life of crime with helping his people.",819653.0,tt0845527,movie,The Boss,0.0,2007,N,105.0,"Crime,Drama"
49,Raees,2020-10-20,Tuesday,October,['Raees'],1.0,Raees,1818.0,80164778.0,Movie,Rahul Dholakia,"Shah Rukh Khan, Mahira Khan, Nawazuddin Siddiqui, Mohammed Zeeshan Ayyub, Sheeba Chaddha, Shubham Chintamani, Shubham Tukaram, Atul Kulkarni, Narendra Jha, Jaideep Ahlawat, Sunny Leone",India,"May 26, 2017",2017.0,NR,143 min,"Action & Adventure, Dramas, International Movies","After street smart kid Raees rises to become Gujarat's bootlegging king in the 1980s, he tries to balance his life of crime with helping his people.",4453699.0,tt3405236,movie,Raees,0.0,2017,N,143.0,"Action,Crime,Drama"
50,Gabbar Is Back,2020-10-20,Tuesday,October,['Gabbar Is Back'],1.0,Gabbar Is Back,1998.0,80057278.0,Movie,Krish,"Akshay Kumar, Shruti Haasan, Sunil Grover, Kareena Kapoor, Ishita Vyas, Suman Talwar, Jaideep Ahlawat, Shruti Bapna",India,"May 10, 2017",2015.0,TV-14,128 min,"Action & Adventure, Dramas, International Movies","After a vengeful college professor targets corruption in the government, he adopts the name ""Gabbar"" and becomes a hero to a weary public.",4041534.0,tt2424988,movie,Gabbar is Back,0.0,2015,N,128.0,"Action,Crime,Drama"
51,Dostana,2020-10-19,Monday,October,['Dostana'],1.0,Dostana,63806.0,,,,,,,,,,,,78956.0,tt0080653,movie,Friendship,0.0,1980,N,152.0,"Action,Crime,Drama"
52,Dostana,2020-10-19,Monday,October,['Dostana'],1.0,Dostana,63807.0,,,,,,,,,,,,2027420.0,tt1185420,movie,Friendship,0.0,2008,N,145.0,"Comedy,Drama,Romance"
53,Main Hoon Na,2020-10-19,Monday,October,['Main Hoon Na'],1.0,Main Hoon Na,5878.0,70000196.0,Movie,Farah Khan,"Shah Rukh Khan, Sunil Shetty, Sushmita Sen, Zayed Khan, Amrita Rao, Kiron Kher, Boman Irani, Bindu, Naseeruddin Shah, Kabir Bedi",India,"April 1, 2018",2004.0,TV-14,171 min,"Action & Adventure, Comedies, Dramas",Major Ram Prasad Sharma yearns to see project Mission Milaap come to fruition and usher in an era of peace between two warring countries. But the evil Raghavan will do anything to stop the peace process.,333172.0,tt0347473,movie,Main Hoon Na,0.0,2004,N,182.0,"Action,Comedy,Drama"
54,Thank You,2020-10-18,Sunday,October,['Thank You'],1.0,Thank You,5270.0,70187503.0,Movie,Anees Bazmee,"Akshay Kumar, Bobby Deol, Sonam Kapoor, Irrfan Khan, Sunil Shetty, Rimi Sen, Celina Jaitly",India,"August 2, 2018",2011.0,TV-14,131 min,"Comedies, International Movies, Romantic Movies",Three cheating husbands end up paying the price for their infidelities when their spouses hire a private detective – who falls for one of the wives.,16175.0,tt0016417,movie,Thank You,0.0,1925,N,70.0,"Comedy,Drama,Romance"
55,Thank You,2020-10-18,Sunday,October,['Thank You'],1.0,Thank You,5271.0,70187503.0,Movie,Anees Bazmee,"Akshay Kumar, Bobby Deol, Sonam Kapoor, Irrfan Khan, Sunil Shetty, Rimi Sen, Celina Jaitly",India,"August 2, 2018",2011.0,TV-14,131 min,"Comedies, International Movies, Romantic Movies",Three cheating husbands end up paying the price for their infidelities when their spouses hire a private detective – who falls for one of the wives.,3397858.0,tt1720254,movie,Thank You,0.0,2011,N,125.0,Comedy
56,We Are Family,2020-10-18,Sunday,October,['We Are Family'],1.0,We Are Family,1041.0,70150437.0,Movie,Sidharth Malhotra,"Kajol, Kareena Kapoor, Arjun Rampal, Nominath Ginsberg, Iravati Harshe, Aachal Munjal, Diya Sonecha","India, Australia","October 1, 2018",2010.0,TV-PG,119 min,"Dramas, International Movies",A divorced mother of three children runs a happy household – until her former husband brings his new career-oriented girlfriend into the picture.,3116420.0,tt1428459,movie,We Are Family,0.0,2010,N,115.0,"Comedy,Drama,Family"
57,We Are Family,2020-10-18,Sunday,October,['We Are Family'],1.0,We Are Family,1042.0,80156856.0,Movie,Gabriel Julien-Laferrière,"Julie Gayet, Thierry Neuvic, Julie Depardieu, Lucien Jean-Baptiste, Claudia Tagbo, Philippe Katerine, Chantal Ladesou, Arié Elmaleh, Nino Kirtadze, Caterina Murino, Teïlo Azaïs, Louvia Bachelier, Violette Guillon, Sadio Diallo, Benjamin Douba-Paris, Lilian Dugois, Luna Aglat, Chann Aglat","France, Belgium","April 14, 2017",2016.0,TV-MA,99 min,"Comedies, International Movies","Fed up with being shuffled around, a boy from a big blended family decides that the kids should live in one house and the parents take turns visiting.",3116420.0,tt1428459,movie,We Are Family,0.0,2010,N,115.0,"Comedy,Drama,Family"
58,Jab We Met,2020-10-18,Sunday,October,['Jab We Met'],1.0,Jab We Met,191181.0,,,,,,,,,,,,1501936.0,tt1093370,movie,Jab We Met,0.0,2007,N,138.0,"Comedy,Drama,Romance"
59,The Haunting of Bly Manor: The Way It Came,2020-10-17,Saturday,October,"['The Haunting of Bly Manor', ' The Way It Came']",2.0,The Haunting of Bly Manor: The Way It Came,,,,,,,,,,,,,,,,,,,,,
60,"The Haunting of Bly Manor: The Two Faces, Part One",2020-10-17,Saturday,October,"['The Haunting of Bly Manor', ' The Two Faces, Part One']",2.0,"The Haunting of Bly Manor: The Two Faces, Part One",,,,,,,,,,,,,,,,,,,,,
61,The Haunting of Bly Manor: The Pupil,2020-10-17,Saturday,October,"['The Haunting of Bly Manor', ' The Pupil']",2.0,The Haunting of Bly Manor: The Pupil,,,,,,,,,,,,,,,,,,,,,
62,Dhan Dhana Dhan Goal,2020-10-17,Saturday,October,['Dhan Dhana Dhan Goal'],1.0,Dhan Dhana Dhan Goal,1631.0,70084775.0,Movie,Vivek Agnihotri,"John Abraham, Bipasha Basu, Arshad Warsi, Shernaz Patel, Boman Irani, Dibyendu Bhattacharya, Gilbert Montoya, Dalip Tahil, Rajendranath Zutshi","United Kingdom, India","November 1, 2018",2007.0,TV-14,157 min,"Dramas, Music & Musicals, Sports Movies","In a last-ditch effort, the jaded coach of the Southall United Football Club assembles a ragtag team and helps lead the team to a comeback season.",1659653.0,tt1120897,movie,Dhan Dhana Dhan Goal,0.0,2007,N,167.0,"Drama,Sport"
63,Ek Main Aur Ekk Tu,2020-10-17,Saturday,October,['Ek Main Aur Ekk Tu'],1.0,Ek Main Aur Ekk Tu,947.0,70181653.0,Movie,Shakun Batra,"Kareena Kapoor, Imran Khan, Boman Irani, Ram Kapoor, Ratna Pathak Shah, Zenobia Shroff, Soniya Mehra, Akshat Verma, Dana Lewis, Rajesh Khattar",India,"October 1, 2018",2012.0,TV-14,106 min,"Comedies, International Movies, Romantic Movies",Bollywood stars Imran Khan and Kareena Kapoor pair up to play exceptionally dissimilar lovers in this lighthearted romantic comedy.,3382161.0,tt1703958,movie,Ek Main Aur Ekk Tu,0.0,2012,N,110.0,"Comedy,Drama,Romance"
64,The Haunting of Bly Manor: The Great Good Place,2020-10-15,Thursday,October,"['The Haunting of Bly Manor', ' The Great Good Place']",2.0,The Haunting of Bly Manor: The Great Good Place,,,,,,,,,,,,,,,,,,,,,
65,Kabhi Khushi Kabhie Gham,2020-10-14,Wednesday,October,['Kabhi Khushi Kabhie Gham'],1.0,Kabhi Khushi Kabhie Gham,,,,,,,,,,,,,,,,,,,,,
66,Welcome,2020-10-09,Friday,October,['Welcome'],1.0,Welcome,170636.0,,,,,,,,,,,,470305.0,tt0488798,movie,Welcome,0.0,2007,N,159.0,"Comedy,Romance"
67,Welcome,2020-10-09,Friday,October,['Welcome'],1.0,Welcome,170637.0,,,,,,,,,,,,2764414.0,tt1314280,movie,Welcome,0.0,2009,N,110.0,Drama
68,Welcome,2020-10-09,Friday,October,['Welcome'],1.0,Welcome,170638.0,,,,,,,,,,,,5504354.0,tt5772470,movie,Welcome,0.0,2016,N,63.0,Documentary
69,Kapoor & Sons,2020-10-08,Thursday,October,['Kapoor & Sons'],1.0,Kapoor & Sons,301714.0,,,,,,,,,,,,5115771.0,tt4900716,movie,Kapoor & Sons,0.0,2016,N,132.0,"Comedy,Drama,Family"
70,American Murder: The Family Next Door,2020-10-07,Wednesday,October,"['American Murder', ' The Family Next Door']",2.0,American Murder: The Family Next Door,210949.0,,,,,,,,,,,,2675671.0,tt12987894,movie,American Murder: The Family Next Door,0.0,2020,N,82.0,"Crime,Documentary"
71,Dil Dhadakne Do,2020-09-27,Sunday,September,['Dil Dhadakne Do'],1.0,Dil Dhadakne Do,4834.0,80057585.0,Movie,Zoya Akhtar,"Anil Kapoor, Priyanka Chopra, Ranveer Singh, Anushka Sharma, Farhan Akhtar, Shefali Shah, Rahul Bose, Parmeet Sethi, Vikrant Massey, Zarina Wahab, Aamir Khan",India,"December 15, 2019",2015.0,TV-14,174 min,"Comedies, Dramas, International Movies","While hosting a shipboard holiday for relatives and friends, a wealthy but dysfunctional family must face the ugly truths under their flawless facade.",4764072.0,tt4110568,movie,Dil Dhadakne Do,0.0,2015,N,170.0,"Comedy,Drama,Romance"
72,Ocean's 8,2020-09-24,Thursday,September,"[""Ocean's 8""]",1.0,Ocean's 8,,,,,,,,,,,,,,,,,,,,,
73,Om Shanti Om,2020-09-22,Tuesday,September,['Om Shanti Om'],1.0,Om Shanti Om,5887.0,70083535.0,Movie,Farah Khan,"Shah Rukh Khan, Deepika Padukone, Shreyas Talpade, Arjun Rampal, Kirron Kher, Javed Sheikh",India,"April 1, 2018",2007.0,TV-14,169 min,"Comedies, Dramas, International Movies","Reincarnated 30 years after being killed in a suspicious on-set fire, a small-time actor is determined to punish the person who ignited the blaze.",1110906.0,tt1024943,movie,Om Shanti Om,0.0,2007,N,162.0,"Action,Comedy,Drama"
74,Brothers,2020-09-19,Saturday,September,['Brothers'],1.0,Brothers,16228.0,,,,,,,,,,,,20408.0,tt0020716,movie,Brothers,0.0,1930,N,63.0,"Crime,Drama,Romance"
75,Brothers,2020-09-19,Saturday,September,['Brothers'],1.0,Brothers,16229.0,,,,,,,,,,,,74223.0,tt0075787,movie,Brothers,0.0,1977,N,105.0,"Biography,Drama"
76,Brothers,2020-09-19,Saturday,September,['Brothers'],1.0,Brothers,16230.0,,,,,,,,,,,,120483.0,tt0123573,movie,Brothers,0.0,1982,N,103.0,Drama
77,Brothers,2020-09-19,Saturday,September,['Brothers'],1.0,Brothers,16231.0,,,,,,,,,,,,243763.0,tt0254197,movie,Brothers,0.0,2000,N,98.0,"Comedy,Drama"
78,Brothers,2020-09-19,Saturday,September,['Brothers'],1.0,Brothers,16232.0,,,,,,,,,,,,437255.0,tt0454791,movie,Brothers,0.0,2006,N,65.0,Documentary
79,Brothers,2020-09-19,Saturday,September,['Brothers'],1.0,Brothers,16233.0,,,,,,,,,,,,741719.0,tt0765010,movie,Brothers,0.0,2009,N,105.0,"Action,Drama,Thriller"
80,Brothers,2020-09-19,Saturday,September,['Brothers'],1.0,Brothers,16234.0,,,,,,,,,,,,1234000.0,tt10465764,movie,Brothers,0.0,2019,N,73.0,Documentary
81,Brothers,2020-09-19,Saturday,September,['Brothers'],1.0,Brothers,16235.0,,,,,,,,,,,,1886919.0,tt11608560,movie,Brothers,0.0,N,N,85.0,Drama
82,Brothers,2020-09-19,Saturday,September,['Brothers'],1.0,Brothers,16236.0,,,,,,,,,,,,2879308.0,tt1334519,movie,Brothers,0.0,2008,N,116.0,Drama
83,Brothers,2020-09-19,Saturday,September,['Brothers'],1.0,Brothers,16237.0,,,,,,,,,,,,3680135.0,tt2015323,movie,Brothers,0.0,2012,N,56.0,"Comedy,Drama"
84,Brothers,2020-09-19,Saturday,September,['Brothers'],1.0,Brothers,16238.0,,,,,,,,,,,,4625699.0,tt3802576,movie,Brothers,0.0,2015,N,156.0,"Action,Drama,Sport"
85,Brothers,2020-09-19,Saturday,September,['Brothers'],1.0,Brothers,16239.0,,,,,,,,,,,,5806781.0,tt6447400,movie,Brothers,0.0,2017,N,95.0,"Action,Drama,War"
86,Brothers,2020-09-19,Saturday,September,['Brothers'],1.0,Brothers,16240.0,,,,,,,,,,,,6495744.0,tt7932000,movie,Brothers,0.0,2017,N,106.0,Drama
87,Brothers,2020-09-19,Saturday,September,['Brothers'],1.0,Brothers,16241.0,,,,,,,,,,,,6999692.0,tt9005732,movie,Brothers,1.0,1973,N,60.0,Adult
88,Slender Man,2020-09-18,Friday,September,['Slender Man'],1.0,Slender Man,312890.0,,,,,,,,,,,,5468369.0,tt5690360,movie,Slender Man,0.0,2018,N,93.0,"Horror,Mystery,Thriller"
89,Slender Man,2020-09-18,Friday,September,['Slender Man'],1.0,Slender Man,312891.0,,,,,,,,,,,,5559754.0,tt5897302,movie,Slender Man,0.0,2013,N,52.0,"Adventure,Comedy,Horror"
90,Players,2020-09-14,Monday,September,['Players'],1.0,Players,3452.0,70229498.0,Movie,"Abbas Alibhai Burmawalla, Mastan Alibhai Burmawalla","Vinod Khanna, Abhishek Bachchan, Bobby Deol, Sonam Kapoor, Bipasha Basu, Neil Nitin Mukesh, Sikander Kher, Omi Vaidya, Johnny Lever, Shweta Bhardwaj",India,"July 1, 2017",2012.0,TV-14,162 min,"Action & Adventure, International Movies","Learning of a fortune in gold being secretly shipped to Romania, master thieves Charlie and Riya assemble a crack team to steal it.",78059.0,tt0079723,movie,Players,0.0,1979,N,120.0,"Drama,Romance,Sport"
91,Players,2020-09-14,Monday,September,['Players'],1.0,Players,3453.0,70229498.0,Movie,"Abbas Alibhai Burmawalla, Mastan Alibhai Burmawalla","Vinod Khanna, Abhishek Bachchan, Bobby Deol, Sonam Kapoor, Bipasha Basu, Neil Nitin Mukesh, Sikander Kher, Omi Vaidya, Johnny Lever, Shweta Bhardwaj",India,"July 1, 2017",2012.0,TV-14,162 min,"Action & Adventure, International Movies","Learning of a fortune in gold being secretly shipped to Romania, master thieves Charlie and Riya assemble a crack team to steal it.",3458711.0,tt1784589,movie,Players,0.0,2012,N,163.0,"Action,Crime,Thriller"
92,The Haunting of Hill House: Steven Sees a Ghost,2020-09-08,Tuesday,September,"['The Haunting of Hill House', ' Steven Sees a Ghost']",2.0,The Haunting of Hill House: Steven Sees a Ghost,,,,,,,,,,,,,,,,,,,,,
93,The Haunting of Hill House: Open Casket,2020-09-08,Tuesday,September,"['The Haunting of Hill House', ' Open Casket']",2.0,The Haunting of Hill House: Open Casket,,,,,,,,,,,,,,,,,,,,,
94,Zindagi Na Milegi Dobara,2020-09-06,Sunday,September,['Zindagi Na Milegi Dobara'],1.0,Zindagi Na Milegi Dobara,4864.0,70202336.0,Movie,Zoya Akhtar,"Hrithik Roshan, Abhay Deol, Farhan Akhtar, Katrina Kaif, Kalki Koechlin, Deepti Naval, Naseeruddin Shah, Ariadna Cabrol",India,"December 15, 2019",2011.0,TV-PG,154 min,"Comedies, Dramas, International Movies",Three friends on an adventurous road trip/bachelor party in Spain learn some lessons about themselves and each other that will change them forever.,3245889.0,tt1562872,movie,Zindagi Na Milegi Dobara,0.0,2011,N,155.0,"Comedy,Drama"
95,Kal Ho Naa Ho,2020-09-03,Thursday,September,['Kal Ho Naa Ho'],1.0,Kal Ho Naa Ho,149394.0,,,,,,,,,,,,333010.0,tt0347304,movie,Kal Ho Naa Ho,0.0,2003,N,186.0,"Comedy,Drama,Musical"
96,A Suitable Girl,2020-09-03,Thursday,September,['A Suitable Girl'],1.0,A Suitable Girl,324681.0,,,,,,,,,,,,5878442.0,tt6604050,movie,A Suitable Girl,0.0,2017,N,90.0,Documentary
97,Luka Chuppi,2020-09-02,Wednesday,September,['Luka Chuppi'],1.0,Luka Chuppi,2734.0,81113918.0,Movie,Laxman Utekar,"Kartik Aaryan, Kriti Sanon, Pankaj Tripathi, Vinay Pathak, Aparshakti Khurana, Atul Srivastava, Alka Amin",India,"June 7, 2019",2019.0,TV-14,125 min,"Comedies, International Movies, Romantic Movies","Pretending to marry in order to cohabitate, a small-town couple lands in endless awkward situations to hide the truth from their orthodox families.",6953100.0,tt8908002,movie,Luka Chuppi,0.0,2019,N,126.0,"Comedy,Romance"
98,22 Jump Street,2020-08-14,Friday,August,['22 Jump Street'],1.0,22 Jump Street,255878.0,,,,,,,,,,,,3935839.0,tt2294449,movie,22 Jump Street,0.0,2014,N,112.0,"Action,Comedy,Crime"
99,Race,2020-08-13,Thursday,August,['Race'],1.0,Race,1002.0,70096752.0,Movie,"Mastan Alibhai Burmawalla, Abbas Alibhai Burmawalla","Saif Ali Khan, Akshaye Khanna, Katrina Kaif, Bipasha Basu, Anil Kapoor, Sameera Reddy",India,"October 1, 2018",2008.0,TV-14,155 min,"Action & Adventure, International Movies, Music & Musicals",The plot thickens around two horse-racing competitors when three beautiful women come into their lives and a murder is committed.,1068140.0,tt1017456,movie,Race,0.0,2008,N,149.0,"Action,Crime,Drama"
100,Race,2020-08-13,Thursday,August,['Race'],1.0,Race,1003.0,70096752.0,Movie,"Mastan Alibhai Burmawalla, Abbas Alibhai Burmawalla","Saif Ali Khan, Akshaye Khanna, Katrina Kaif, Bipasha Basu, Anil Kapoor, Sameera Reddy",India,"October 1, 2018",2008.0,TV-14,155 min,"Action & Adventure, International Movies, Music & Musicals",The plot thickens around two horse-racing competitors when three beautiful women come into their lives and a murder is committed.,1975948.0,tt1176453,movie,Race,0.0,2007,N,99.0,"Animation,Sci-Fi"
101,Race,2020-08-13,Thursday,August,['Race'],1.0,Race,1004.0,70096752.0,Movie,"Mastan Alibhai Burmawalla, Abbas Alibhai Burmawalla","Saif Ali Khan, Akshaye Khanna, Katrina Kaif, Bipasha Basu, Anil Kapoor, Sameera Reddy",India,"October 1, 2018",2008.0,TV-14,155 min,"Action & Adventure, International Movies, Music & Musicals",The plot thickens around two horse-racing competitors when three beautiful women come into their lives and a murder is committed.,3251652.0,tt1568874,movie,Race,0.0,2010,N,59.0,"Biography,Documentary,History"
102,Race,2020-08-13,Thursday,August,['Race'],1.0,Race,1005.0,70096752.0,Movie,"Mastan Alibhai Burmawalla, Abbas Alibhai Burmawalla","Saif Ali Khan, Akshaye Khanna, Katrina Kaif, Bipasha Basu, Anil Kapoor, Sameera Reddy",India,"October 1, 2018",2008.0,TV-14,155 min,"Action & Adventure, International Movies, Music & Musicals",The plot thickens around two horse-racing competitors when three beautiful women come into their lives and a murder is committed.,3537330.0,tt1867035,movie,Race,0.0,2011,N,150.0,Drama
103,Race,2020-08-13,Thursday,August,['Race'],1.0,Race,1006.0,70096752.0,Movie,"Mastan Alibhai Burmawalla, Abbas Alibhai Burmawalla","Saif Ali Khan, Akshaye Khanna, Katrina Kaif, Bipasha Basu, Anil Kapoor, Sameera Reddy",India,"October 1, 2018",2008.0,TV-14,155 min,"Action & Adventure, International Movies, Music & Musicals",The plot thickens around two horse-racing competitors when three beautiful women come into their lives and a murder is committed.,4494414.0,tt3499096,movie,Race,0.0,2016,N,134.0,"Biography,Drama,Sport"
104,21 Jump Street,2020-08-07,Friday,August,['21 Jump Street'],1.0,21 Jump Street,204699.0,,,,,,,,,,,,2298145.0,tt1232829,movie,21 Jump Street,0.0,2012,N,109.0,"Action,Comedy,Crime"
105,How Do You Know,2020-08-06,Thursday,August,['How Do You Know'],1.0,How Do You Know,216108.0,,,,,,,,,,,,2917174.0,tt1341188,movie,How Do You Know,0.0,2010,N,121.0,"Comedy,Drama,Romance"
106,Legally Blonde,2020-08-05,Wednesday,August,['Legally Blonde'],1.0,Legally Blonde,126546.0,,,,,,,,,,,,240246.0,tt0250494,movie,Legally Blonde,0.0,2001,N,96.0,"Comedy,Romance"
107,Friends with Benefits,2020-07-22,Wednesday,July,['Friends with Benefits'],1.0,Friends with Benefits,230446.0,,,,,,,,,,,,3313412.0,tt1632708,movie,Friends with Benefits,0.0,2011,N,109.0,"Comedy,Romance"
108,Patiala House,2020-07-14,Tuesday,July,['Patiala House'],1.0,Patiala House,647.0,70176967.0,Movie,Nikhil Advani,"Rishi Kapoor, Dimple Kapadia, Akshay Kumar, Anushka Sharma, Tinnu Anand, Soni Razdan, Prem Chopra, Masood Akhtar, Jeneva Talwar, Suparna Marwah",India,"October 22, 2017",2011.0,TV-PG,140 min,"Dramas, International Movies, Sports Movies","A talented young Indian cricket player must defy his father's wishes to play for the side of England, a rebellion his siblings quietly cheer.",3219647.0,tt1535467,movie,Patiala House,0.0,2011,N,140.0,"Drama,Sport"
109,Mujhse Shaadi Karogi,2020-07-13,Monday,July,['Mujhse Shaadi Karogi'],1.0,Mujhse Shaadi Karogi,4577.0,70018445.0,Movie,David Dhawan,"Rajpal Yadav, Amrish Puri, Kader Khan, Shashi Kala, Priyanka Chopra, Salman Khan, Akshay Kumar, Satish Shah",India,"December 31, 2019",2004.0,TV-PG,158 min,"Comedies, International Movies, Romantic Movies","Samir must overcome a hostile horoscope, a hot temper and a determined rival to win the heart of Rani, the love of his life.",401754.0,tt0418362,movie,Will You Marry Me?,0.0,2004,N,163.0,"Comedy,Drama,Musical"
110,Oh My God,2020-07-10,Friday,July,['Oh My God'],1.0,Oh My God,2106.0,70258366.0,Movie,Umesh Shukla,"Akshay Kumar, Paresh Rawal, Mithun Chakraborty, Om Puri, Apoorva Arora, Arun Bali, Honey Chaaya, Poonam Jhawer, Mahesh Manjrekar, Govind Namdeo",India,"May 1, 2017",2012.0,TV-PG,129 min,"Comedies, Dramas, International Movies",Mumbai shopkeeper Kanji Bhai files a lawsuit against God when an earthquake destroys his store and his insurance policy won't cover the damage.,2836794.0,tt1326954,movie,Oh My God,0.0,2009,N,93.0,Documentary
111,Oh My God,2020-07-10,Friday,July,['Oh My God'],1.0,Oh My God,2107.0,70258366.0,Movie,Umesh Shukla,"Akshay Kumar, Paresh Rawal, Mithun Chakraborty, Om Puri, Apoorva Arora, Arun Bali, Honey Chaaya, Poonam Jhawer, Mahesh Manjrekar, Govind Namdeo",India,"May 1, 2017",2012.0,TV-PG,129 min,"Comedies, Dramas, International Movies",Mumbai shopkeeper Kanji Bhai files a lawsuit against God when an earthquake destroys his store and his insurance policy won't cover the damage.,5232387.0,tt5162904,movie,Oh My God,0.0,2017,N,96.0,Drama
112,Chance Pe Dance,2020-07-03,Friday,July,['Chance Pe Dance'],1.0,Chance Pe Dance,1628.0,70123120.0,Movie,Ken Ghosh,"Shahid Kapoor, Genelia D'Souza, Mohnish Bahl, Satish Shah, Parikshat Sahni, Vikas Bhalla, Kurush Deboo, Zain Khan",India,"November 1, 2018",2009.0,TV-14,121 min,"Comedies, Dramas, International Movies","Having risen from humble beginnings, an ambitious young man sets his sights on winning a major dance competition that could catapult him to fame.",3081983.0,tt1392744,movie,Chance Pe Dance,0.0,2010,N,122.0,"Comedy,Drama,Music"
113,Aiyaary,2020-07-02,Thursday,July,['Aiyaary'],1.0,Aiyaary,1949.0,80243408.0,Movie,Neeraj Pandey,"Sidharth Malhotra, Manoj Bajpayee, Rakul Preet Singh, Pooja Chopra, Adil Hussain, Kumud Mishra, Naseeruddin Shah, Anupam Kher, Vikram Gokhale, Juhi Babbar",India,"May 15, 2018",2018.0,TV-14,158 min,"Action & Adventure, Dramas, International Movies","When his protégé goes rogue and poses a grave threat to the government he serves, a veteran officer of the Indian Army tries to stop him at all costs.",5956097.0,tt6774212,movie,Disguising,0.0,2018,N,157.0,"Action,Thriller"
114,3 Idiots,2020-06-26,Friday,June,['3 Idiots'],1.0,3 Idiots,5391.0,70121522.0,Movie,Rajkumar Hirani,"Aamir Khan, Kareena Kapoor, Madhavan, Sharman Joshi, Omi Vaidya, Boman Irani, Mona Singh, Javed Jaffrey",India,"August 1, 2019",2009.0,PG-13,164 min,"Comedies, Dramas, International Movies","While attending one of India's premier colleges, three miserable engineering students and best friends struggle to beat the school's draconian system.",2036753.0,tt1187043,movie,3 Idiots,0.0,2009,N,170.0,"Comedy,Drama"
115,13TH,2020-06-11,Thursday,June,['13TH'],1.0,13TH,512.0,80091741.0,Movie,Ava DuVernay,,United States,"October 7, 2016",2016.0,TV-MA,101 min,Documentaries,"In this thought-provoking documentary, scholars, activists and politicians analyze the criminalization of African Americans and the U.S. prison boom.",,,,,,,,,
116,,2020-05-29,Friday,May,,,,,,,,,,,,,,,,,,,,,,,,
117,Now You See Me,2020-05-19,Tuesday,May,['Now You See Me'],1.0,Now You See Me,231982.0,,,,,,,,,,,,3349680.0,tt1670345,movie,Now You See Me,0.0,2013,N,115.0,"Crime,Mystery,Thriller"
118,Now You See Me,2020-05-19,Tuesday,May,['Now You See Me'],1.0,Now You See Me,231983.0,,,,,,,,,,,,3871393.0,tt2221640,movie,Now You See Me,0.0,2012,N,98.0,"Drama,Horror,Thriller"
119,Malang,2020-05-17,Sunday,May,['Malang'],1.0,Malang,,,,,,,,,,,,,,,,,,,,,
120,Dhamaal,2020-05-16,Saturday,May,['Dhamaal'],1.0,Dhamaal,4538.0,81213888.0,Movie,Indra Kumar,"Sanjay Dutt, Riteish Deshmukh, Arshad Warsi, Aashish Chaudhary, Javed Jaffrey, Prem Chopra, Asrani, Tiku Talsania",India,"December 31, 2019",2007.0,TV-14,128 min,"Action & Adventure, Comedies, International Movies","Tipped off about buried money in Goa, four ne’er-do-well friends go on the hunt, chased by a police officer who wants the treasure for himself.",819577.0,tt0845448,movie,Dhamaal,0.0,2007,N,136.0,"Action,Adventure,Comedy"
121,Murder Mystery,2020-05-13,Wednesday,May,['Murder Mystery'],1.0,Murder Mystery,2944.0,80242619.0,Movie,Kyle Newacheck,"Adam Sandler, Jennifer Aniston, Luke Evans, Gemma Arterton, Adeel Akhtar, Luis Gerardo Méndez, Dany Boon, Terence Stamp",United States,"June 14, 2019",2019.0,PG-13,98 min,Comedies,"On a long-awaited trip to Europe, a New York City cop and his hairdresser wife scramble to solve a baffling murder aboard a billionaire's yacht.",3299554.0,tt1618434,movie,Murder Mystery,0.0,2019,N,97.0,"Action,Comedy,Crime"
122,Ocean's Thirteen,2020-05-13,Wednesday,May,"[""Ocean's Thirteen""]",1.0,Ocean's Thirteen,895.0,70058024.0,Movie,Steven Soderbergh,"George Clooney, Brad Pitt, Matt Damon, Andy Garcia, Don Cheadle, Bernie Mac, Ellen Barkin, Al Pacino, Casey Affleck, Scott Caan",United States,"October 1, 2019",2007.0,PG-13,122 min,"Action & Adventure, Comedies",This entry in the all-star caper franchise finds debonair con man Danny Ocean and his gang taking revenge on a double-crossing Las Vegas kingpin.,478103.0,tt0496806,movie,Ocean's Thirteen,0.0,2007,N,122.0,"Action,Crime,Thriller"
123,Escape Room,2020-05-10,Sunday,May,['Escape Room'],1.0,Escape Room,305713.0,,,,,,,,,,,,5230816.0,tt5159414,movie,Escape Room,0.0,2017,N,81.0,"Horror,Thriller"
124,Escape Room,2020-05-10,Sunday,May,['Escape Room'],1.0,Escape Room,305714.0,,,,,,,,,,,,5493937.0,tt5748392,movie,Escape Room,0.0,2017,N,86.0,Horror
125,Escape Room,2020-05-10,Sunday,May,['Escape Room'],1.0,Escape Room,305715.0,,,,,,,,,,,,5554746.0,tt5886046,movie,Escape Room,0.0,2019,N,99.0,"Action,Adventure,Horror"
126,Dil Chahta Hai,2020-05-09,Saturday,May,['Dil Chahta Hai'],1.0,Dil Chahta Hai,4833.0,60021525.0,Movie,Farhan Akhtar,"Aamir Khan, Saif Ali Khan, Akshaye Khanna, Preity Zinta, Sonali Kulkarni, Dimple Kapadia, Ayub Khan, Rajat Kapoor, Suhasini Mulay, Ahmed Khan",India,"December 15, 2019",2001.0,TV-14,185 min,"Comedies, Dramas, International Movies","Inseparable childhood friends Akash, Sameer and Siddharth are just out of college. Nothing comes between them – until they each fall in love.",280366.0,tt0292490,movie,Dil Chahta Hai,0.0,2001,N,183.0,"Comedy,Drama,Romance"
127,The Platform,2020-05-01,Friday,May,['The Platform'],1.0,The Platform,,,,,,,,,,,,,,,,,,,,,
128,Love Aaj Kal,2020-04-29,Wednesday,April,['Love Aaj Kal'],1.0,Love Aaj Kal,180009.0,,,,,,,,,,,,981811.0,tt10023024,movie,Love Aaj Kal,0.0,2020,N,142.0,"Drama,Romance"
129,Love Aaj Kal,2020-04-29,Wednesday,April,['Love Aaj Kal'],1.0,Love Aaj Kal,180010.0,,,,,,,,,,,,2544105.0,tt1275863,movie,Love Nowadays,0.0,2009,N,128.0,"Comedy,Drama,Romance"
130,Ocean's Twelve,2020-04-28,Tuesday,April,"[""Ocean's Twelve""]",1.0,Ocean's Twelve,896.0,70011211.0,Movie,Steven Soderbergh,"George Clooney, Brad Pitt, Matt Damon, Catherine Zeta-Jones, Andy Garcia, Don Cheadle, Bernie Mac, Julia Roberts, Casey Affleck, Scott Caan",United States,"October 1, 2019",2004.0,PG-13,125 min,"Action & Adventure, Comedies","Danny Ocean reunites with his old flame and the rest of his merry band of thieves in a caper covering three huge heists in Rome, Paris and Amsterdam.",335528.0,tt0349903,movie,Ocean's Twelve,0.0,2004,N,125.0,"Crime,Thriller"
131,Chalte Chalte,2020-04-27,Monday,April,['Chalte Chalte'],1.0,Chalte Chalte,3384.0,60036112.0,Movie,Aziz Mirza,"Shah Rukh Khan, Rani Mukerji, Jas Arora, Satish Shah, Rajiv Verma, Lillete Dubey, Jayshree T., Johny Lever",India,"July 1, 2018",2003.0,TV-PG,166 min,"Dramas, International Movies, Romantic Movies","Priya and Raj are polar opposites. Raj is brash and earthy, while Pirya is sophisticated and something of a perfectionist in all she does. They really are like oil and water, but nonetheless, they dare to fall in love.",332436.0,tt0346723,movie,Chalte Chalte,0.0,2003,N,167.0,"Drama,Romance"
132,Chalte Chalte,2020-04-27,Monday,April,['Chalte Chalte'],1.0,Chalte Chalte,3385.0,60036112.0,Movie,Aziz Mirza,"Shah Rukh Khan, Rani Mukerji, Jas Arora, Satish Shah, Rajiv Verma, Lillete Dubey, Jayshree T., Johny Lever",India,"July 1, 2018",2003.0,TV-PG,166 min,"Dramas, International Movies, Romantic Movies","Priya and Raj are polar opposites. Raj is brash and earthy, while Pirya is sophisticated and something of a perfectionist in all she does. They really are like oil and water, but nonetheless, they dare to fall in love.",345860.0,tt0360463,movie,Chalte Chalte,0.0,1976,N,100.0,"Romance,Thriller"
133,Think Like a Man,2020-04-24,Friday,April,['Think Like a Man'],1.0,Think Like a Man,229981.0,,,,,,,,,,,,3302094.0,tt1621045,movie,Think Like a Man,0.0,2012,N,123.0,"Comedy,Romance"
134,My Best Friend's Wedding,2020-04-24,Friday,April,"[""My Best Friend's Wedding""]",1.0,My Best Friend's Wedding,87791.0,,,,,,,,,,,,117022.0,tt0119738,movie,My Best Friend's Wedding,0.0,1997,N,105.0,"Comedy,Drama,Romance"
135,Love Wedding Repeat,2020-04-22,Wednesday,April,['Love Wedding Repeat'],1.0,Love Wedding Repeat,304352.0,,,,,,,,,,,,5202938.0,tt5096470,movie,Love Wedding Repeat,0.0,2020,N,100.0,"Comedy,Romance"
136,Ocean's Eleven,2020-04-19,Sunday,April,"[""Ocean's Eleven""]",1.0,Ocean's Eleven,1559.0,60021590.0,Movie,Lewis Milestone,"Frank Sinatra, Dean Martin, Sammy Davis Jr., Peter Lawford, Angie Dickinson, Richard Conte, Cesar Romero, Patrice Wymore, Joey Bishop",United States,"November 1, 2019",1960.0,TV-PG,127 min,"Action & Adventure, Classic Movies, Comedies","Frank Sinatra leads an all-star cast as Danny Ocean, who decides to knock over a few casinos on the Las Vegas Strip with his buddies.",53130.0,tt0054135,movie,Ocean's 11,0.0,1960,N,127.0,"Comedy,Crime,Music"
137,Ocean's Eleven,2020-04-19,Sunday,April,"[""Ocean's Eleven""]",1.0,Ocean's Eleven,1560.0,60021590.0,Movie,Lewis Milestone,"Frank Sinatra, Dean Martin, Sammy Davis Jr., Peter Lawford, Angie Dickinson, Richard Conte, Cesar Romero, Patrice Wymore, Joey Bishop",United States,"November 1, 2019",1960.0,TV-PG,127 min,"Action & Adventure, Classic Movies, Comedies","Frank Sinatra leads an all-star cast as Danny Ocean, who decides to knock over a few casinos on the Las Vegas Strip with his buddies.",230958.0,tt0240772,movie,Ocean's Eleven,0.0,2001,N,116.0,"Crime,Thriller"
138,Gori Tere Pyaar Mein,2020-04-13,Monday,April,['Gori Tere Pyaar Mein'],1.0,Gori Tere Pyaar Mein,,,,,,,,,,,,,,,,,,,,,
139,Veerappan,2020-04-13,Monday,April,['Veerappan'],1.0,Veerappan,785.0,80201822.0,Movie,Ram Gopal Varma,"Sandeep Bharadwaj, Sachiin Joshi, Lisa Ray, Usha Jadhav, Nissar Khan, Krishna Shrikanth Iyengar",India,"October 15, 2017",2016.0,TV-14,117 min,"Action & Adventure, Dramas, International Movies",A police official assembles an elaborate network of spies and undercover operatives to bring down a ruthless bandit with a private army.,294810.0,tt0307627,movie,Veerappan,0.0,1991,N,151.0,"Action,Crime"
140,Veerappan,2020-04-13,Monday,April,['Veerappan'],1.0,Veerappan,786.0,80201822.0,Movie,Ram Gopal Varma,"Sandeep Bharadwaj, Sachiin Joshi, Lisa Ray, Usha Jadhav, Nissar Khan, Krishna Shrikanth Iyengar",India,"October 15, 2017",2016.0,TV-14,117 min,"Action & Adventure, Dramas, International Movies",A police official assembles an elaborate network of spies and undercover operatives to bring down a ruthless bandit with a private army.,5442610.0,tt5632164,movie,Veerappan,0.0,2016,N,125.0,"Action,Biography,Crime"
141,Wedding Crashers,2020-04-12,Sunday,April,['Wedding Crashers'],1.0,Wedding Crashers,157880.0,,,,,,,,,,,,380228.0,tt0396269,movie,Wedding Crashers,0.0,2005,N,119.0,"Comedy,Romance"
142,How to Lose a Guy in 10 Days,2020-04-11,Saturday,April,['How to Lose a Guy in 10 Days'],1.0,How to Lose a Guy in 10 Days,126702.0,,,,,,,,,,,,240845.0,tt0251127,movie,How to Lose a Guy in 10 Days,0.0,2003,N,116.0,"Comedy,Romance"
143,The Healer,2020-04-10,Friday,April,['The Healer'],1.0,The Healer,21283.0,,,,,,,,,,,,26177.0,tt0026637,movie,The Healer,0.0,1935,N,76.0,Drama
144,The Healer,2020-04-10,Friday,April,['The Healer'],1.0,The Healer,21284.0,,,,,,,,,,,,4095292.0,tt2557258,movie,The White Room,0.0,2015,N,90.0,"Action,Drama,Mystery"
145,The Healer,2020-04-10,Friday,April,['The Healer'],1.0,The Healer,21285.0,,,,,,,,,,,,4873890.0,tt4356480,movie,The Healer,0.0,2016,N,113.0,"Comedy,Drama,Family"
146,The Prince & Me,2020-04-10,Friday,April,['The Prince & Me'],1.0,The Prince & Me,147904.0,,,,,,,,,,,,323963.0,tt0337697,movie,The Prince and Me,0.0,2004,N,111.0,"Comedy,Family,Romance"
147,Kabhi Alvida Naa Kehna,2020-04-10,Friday,April,['Kabhi Alvida Naa Kehna'],1.0,Kabhi Alvida Naa Kehna,165481.0,,,,,,,,,,,,432599.0,tt0449999,movie,Kabhi Alvida Naa Kehna,0.0,2006,N,193.0,"Drama,Romance"
148,Kuch Kuch Hota Hai,2020-04-10,Friday,April,['Kuch Kuch Hota Hai'],1.0,Kuch Kuch Hota Hai,104460.0,,,,,,,,,,,,166920.0,tt0172684,movie,Kuch Kuch Hota Hai,0.0,1998,N,177.0,"Comedy,Drama,Musical"
149,New Year's Eve,2020-04-10,Friday,April,"[""New Year's Eve""]",1.0,New Year's Eve,15807.0,,,,,,,,,,,,19921.0,tt0020216,movie,New Year's Eve,0.0,1929,N,70.0,Drama
150,New Year's Eve,2020-04-10,Friday,April,"[""New Year's Eve""]",1.0,New Year's Eve,15808.0,,,,,,,,,,,,3280636.0,tt1598822,movie,New Year's Eve,0.0,2011,N,118.0,"Comedy,Romance"
151,Hitch,2020-04-09,Thursday,April,['Hitch'],1.0,Hitch,3855.0,70019506.0,Movie,Andy Tennant,"Will Smith, Eva Mendes, Kevin James, Amber Valletta, Julie Ann Emery, Adam Arkin, Robinne Lee, Nathan Lee Graham, Michael Rapaport, Jeffrey Donovan",United States,"January 1, 2020",2005.0,PG-13,118 min,"Comedies, Romantic Movies","Smooth and sexy Hitch helps clients make a great first impression on a date, but he's thrown when a lovely reporter starts nosing around his business.",370833.0,tt0386588,movie,Hitch,0.0,2005,N,118.0,"Comedy,Romance"
152,Hitch,2020-04-09,Thursday,April,['Hitch'],1.0,Hitch,3856.0,70019506.0,Movie,Andy Tennant,"Will Smith, Eva Mendes, Kevin James, Amber Valletta, Julie Ann Emery, Adam Arkin, Robinne Lee, Nathan Lee Graham, Michael Rapaport, Jeffrey Donovan",United States,"January 1, 2020",2005.0,PG-13,118 min,"Comedies, Romantic Movies","Smooth and sexy Hitch helps clients make a great first impression on a date, but he's thrown when a lovely reporter starts nosing around his business.",4063219.0,tt2477178,movie,Hitch,0.0,2012,N,70.0,Drama
153,The Perfect Man,2020-04-09,Thursday,April,['The Perfect Man'],1.0,The Perfect Man,155364.0,,,,,,,,,,,,365339.0,tt0380623,movie,The Perfect Man,0.0,2005,N,100.0,"Comedy,Family,Romance"
154,The Perfect Man,2020-04-09,Thursday,April,['The Perfect Man'],1.0,The Perfect Man,155365.0,,,,,,,,,,,,3550974.0,tt1881085,movie,The Perfect Man,0.0,2011,N,90.0,"Drama,Romance"
155,The Perfect Man,2020-04-09,Thursday,April,['The Perfect Man'],1.0,The Perfect Man,155366.0,,,,,,,,,,,,4987729.0,tt4610754,movie,The Perfect Man,0.0,2015,N,92.0,Romance
156,Did You Hear About the Morgans?,2020-04-09,Thursday,April,['Did You Hear About the Morgans?'],1.0,Did You Hear About the Morgans?,212352.0,,,,,,,,,,,,2764130.0,tt1314228,movie,Did You Hear About the Morgans?,0.0,2009,N,103.0,"Comedy,Drama,Romance"
157,The Ugly Truth,2020-04-08,Wednesday,April,['The Ugly Truth'],1.0,The Ugly Truth,5648.0,70103759.0,Movie,Robert Luketic,"Katherine Heigl, Gerard Butler, Eric Winter, John Michael Higgins, Bree Turner, Nick Searcy, Kevin Connolly, Cheryl Hines, Bonnie Somerville, Yvette Nicole Brown, Nate Corddry, Noah Matthews",United States,"April 25, 2019",2009.0,R,96 min,"Comedies, Romantic Movies","A chauvinistic morning-show commentator tries to prove the relationship theories he espouses on a segment called ""The Ugly Truth.""",1784658.0,tt1142988,movie,The Ugly Truth,0.0,2009,N,96.0,"Comedy,Romance"
158,The Back-Up Plan,2020-04-08,Wednesday,April,['The Back-Up Plan'],1.0,The Back-Up Plan,,,,,,,,,,,,,,,,,,,,,
159,Along Came Polly,2020-04-08,Wednesday,April,['Along Came Polly'],1.0,Along Came Polly,148766.0,,,,,,,,,,,,328943.0,tt0343135,movie,Along Came Polly,0.0,2004,N,90.0,"Comedy,Romance"
160,He's Just Not That Into You,2020-04-07,Tuesday,April,"[""He's Just Not That Into You""]",1.0,He's Just Not That Into You,179940.0,,,,,,,,,,,,977215.0,tt1001508,movie,He's Just Not That Into You,0.0,2009,N,129.0,"Comedy,Drama,Romance"
161,Killers,2020-04-06,Monday,April,['Killers'],1.0,Killers,86119.0,,,,,,,,,,,,114187.0,tt0116771,movie,Killers,0.0,1997,N,83.0,"Action,Horror,Thriller"
162,Killers,2020-04-06,Monday,April,['Killers'],1.0,Killers,86120.0,,,,,,,,,,,,246318.0,tt0256858,movie,Killers,0.0,1996,N,97.0,"Horror,Mystery,Thriller"
163,Killers,2020-04-06,Monday,April,['Killers'],1.0,Killers,86121.0,,,,,,,,,,,,353050.0,tt0367931,movie,Killers,0.0,1999,N,89.0,Crime
164,Killers,2020-04-06,Monday,April,['Killers'],1.0,Killers,86122.0,,,,,,,,,,,,1558344.0,tt1103153,movie,Killers,0.0,2010,N,100.0,"Action,Comedy,Romance"
165,Killers,2020-04-06,Monday,April,['Killers'],1.0,Killers,86123.0,,,,,,,,,,,,4035047.0,tt2409300,movie,Killers,0.0,2014,N,137.0,"Action,Crime,Drama"
166,Bypass Road,2020-04-06,Monday,April,['Bypass Road'],1.0,Bypass Road,350242.0,,,,,,,,,,,,7079886.0,tt9176260,movie,Bypass Road,0.0,2019,N,137.0,"Drama,Mystery,Thriller"
167,The Wedding Planner,2020-04-05,Sunday,April,['The Wedding Planner'],1.0,The Wedding Planner,116909.0,,,,,,,,,,,,201268.0,tt0209475,movie,The Wedding Planner,0.0,2001,N,103.0,"Comedy,Romance"
168,Second Act,2020-04-05,Sunday,April,['Second Act'],1.0,Second Act,250066.0,,,,,,,,,,,,3786399.0,tt2126357,movie,Second Act,0.0,2018,N,103.0,"Comedy,Drama,Romance"
169,Monster-in-Law,2020-04-05,Sunday,April,['Monster-in-Law'],1.0,Monster-in-Law,3877.0,70021634.0,Movie,Robert Luketic,"Jennifer Lopez, Jane Fonda, Michael Vartan, Wanda Sykes, Adam Scott, Monet Mazur, Annie Parisse, Will Arnett, Elaine Stritch, Stephen Dunham","United States, Germany","January 1, 2020",2005.0,PG-13,101 min,"Comedies, Romantic Movies",An office temp thinks she's found Mr. Right when she starts dating a handsome surgeon. But there's a problem standing in the way of everlasting bliss.,354788.0,tt0369735,movie,Monster-in-Law,0.0,2005,N,101.0,"Comedy,Romance"
170,Maid in Manhattan,2020-04-04,Saturday,April,['Maid in Manhattan'],1.0,Maid in Manhattan,93461.0,,,,,,,,,,,,131146.0,tt0134806,movie,Maid in Manhattan,1.0,1984,N,75.0,Adult
171,Maid in Manhattan,2020-04-04,Saturday,April,['Maid in Manhattan'],1.0,Maid in Manhattan,93462.0,,,,,,,,,,,,241739.0,tt0252076,movie,Maid in Manhattan,0.0,2002,N,105.0,"Comedy,Drama,Romance"
172,Life as We Know It,2020-04-03,Friday,April,['Life as We Know It'],1.0,Life as We Know It,186735.0,,,,,,,,,,,,1283596.0,tt1055292,movie,Life as We Know It,0.0,2010,N,115.0,"Comedy,Drama,Romance"
173,She's Out of My League,2020-04-02,Thursday,April,"[""She's Out of My League""]",1.0,She's Out of My League,1302.0,70117289.0,Movie,Jim Field Smith,"Jay Baruchel, Alice Eve, T.J. Miller, Mike Vogel, Nate Torrence, Krysten Ritter, Geoff Stults, Lindsay Sloane, Andrew Daly, Jasika Nicole, Kyle Bornheimer",United States,"November 20, 2019",2010.0,R,105 min,"Comedies, Romantic Movies","When average-guy Kirk starts dating drop-dead-gorgeous Molly, his friends don't see it lasting, so Kirk does everything he can to avoid losing Molly.",790424.0,tt0815236,movie,She's Out of My League,0.0,2010,N,104.0,"Comedy,Romance"
174,Bad Moms,2020-04-01,Wednesday,April,['Bad Moms'],1.0,Bad Moms,298438.0,,,,,,,,,,,,5005893.0,tt4651520,movie,Bad Moms,0.0,2016,N,100.0,Comedy
175,Life of the Party,2020-04-01,Wednesday,April,['Life of the Party'],1.0,Life of the Party,238834.0,,,,,,,,,,,,3498493.0,tt1826727,movie,Life of the Party,0.0,2018,N,84.0,"Comedy,Drama"
176,Life of the Party,2020-04-01,Wednesday,April,['Life of the Party'],1.0,Life of the Party,238835.0,,,,,,,,,,,,5436782.0,tt5619332,movie,Life of the Party,0.0,2018,N,105.0,Comedy
177,Life of the Party,2020-04-01,Wednesday,April,['Life of the Party'],1.0,Life of the Party,238836.0,,,,,,,,,,,,6012168.0,tt6897484,movie,Life of the Party,0.0,2017,N,115.0,Drama
178,"Crazy, Stupid, Love",2020-03-31,Tuesday,March,"['Crazy, Stupid, Love']",1.0,"Crazy, Stupid, Love",,,,,,,,,,,,,,,,,,,,,
179,Sex and the City 2,2020-03-22,Sunday,March,['Sex and the City 2'],1.0,Sex and the City 2,207617.0,,,,,,,,,,,,2464195.0,tt1261945,movie,Sex and the City 2,0.0,2010,N,146.0,"Comedy,Drama,Romance"
180,Sex and the City: The Movie,2020-03-21,Saturday,March,"['Sex and the City', ' The Movie']",2.0,Sex and the City: The Movie,,,,,,,,,,,,,,,,,,,,,
181,Guilty,2020-03-20,Friday,March,['Guilty'],1.0,Guilty,4356.0,80080618.0,Movie,Meghna Gulzar,"Irrfan Khan, Konkona Sen Sharma, Neeraj Kabi, Sohum Shah, Atul Kumar, Gajraj Rao, Prakash Belawadi, Shishir Sharma, Tabu",India,"February 1, 2019",2015.0,TV-MA,127 min,"Dramas, International Movies","When a teen and her family's hired servant turn up dead, inept police bungle the inquiry and wind up fingering a controversial prime suspect.",1004434.0,tt10062614,movie,Guilty,0.0,2020,N,119.0,"Drama,Thriller"
182,Guilty,2020-03-20,Friday,March,['Guilty'],1.0,Guilty,4357.0,80080618.0,Movie,Meghna Gulzar,"Irrfan Khan, Konkona Sen Sharma, Neeraj Kabi, Sohum Shah, Atul Kumar, Gajraj Rao, Prakash Belawadi, Shishir Sharma, Tabu",India,"February 1, 2019",2015.0,TV-MA,127 min,"Dramas, International Movies","When a teen and her family's hired servant turn up dead, inept police bungle the inquiry and wind up fingering a controversial prime suspect.",1672120.0,tt11231314,movie,Guilty,0.0,2019,N,84.0,"Comedy,Documentary,Musical"
183,Guilty,2020-03-20,Friday,March,['Guilty'],1.0,Guilty,4358.0,80080618.0,Movie,Meghna Gulzar,"Irrfan Khan, Konkona Sen Sharma, Neeraj Kabi, Sohum Shah, Atul Kumar, Gajraj Rao, Prakash Belawadi, Shishir Sharma, Tabu",India,"February 1, 2019",2015.0,TV-MA,127 min,"Dramas, International Movies","When a teen and her family's hired servant turn up dead, inept police bungle the inquiry and wind up fingering a controversial prime suspect.",4288933.0,tt3020596,movie,Guilty,0.0,2008,N,117.0,Crime
184,Guilty,2020-03-20,Friday,March,['Guilty'],1.0,Guilty,4359.0,80080618.0,Movie,Meghna Gulzar,"Irrfan Khan, Konkona Sen Sharma, Neeraj Kabi, Sohum Shah, Atul Kumar, Gajraj Rao, Prakash Belawadi, Shishir Sharma, Tabu",India,"February 1, 2019",2015.0,TV-MA,127 min,"Dramas, International Movies","When a teen and her family's hired servant turn up dead, inept police bungle the inquiry and wind up fingering a controversial prime suspect.",4425983.0,tt3341418,movie,Guilty,0.0,2013,N,58.0,Thriller
185,Guilty,2020-03-20,Friday,March,['Guilty'],1.0,Guilty,4360.0,80080618.0,Movie,Meghna Gulzar,"Irrfan Khan, Konkona Sen Sharma, Neeraj Kabi, Sohum Shah, Atul Kumar, Gajraj Rao, Prakash Belawadi, Shishir Sharma, Tabu",India,"February 1, 2019",2015.0,TV-MA,127 min,"Dramas, International Movies","When a teen and her family's hired servant turn up dead, inept police bungle the inquiry and wind up fingering a controversial prime suspect.",5844439.0,tt6530282,movie,Guilty,0.0,2017,N,82.0,"Action,Crime"
186,"Definitely, Maybe",2020-02-18,Tuesday,February,"['Definitely, Maybe']",1.0,"Definitely, Maybe",175222.0,,,,,,,,,,,,806842.0,tt0832266,movie,"Definitely, Maybe",0.0,2008,N,112.0,"Comedy,Drama,Romance"
187,What to Expect When You're Expecting,2020-02-18,Tuesday,February,"[""What to Expect When You're Expecting""]",1.0,What to Expect When You're Expecting,228457.0,,,,,,,,,,,,3268556.0,tt1586265,movie,What to Expect When You're Expecting,0.0,2012,N,110.0,"Comedy,Drama,Romance"
188,One 2 Ka 4,2020-02-16,Sunday,February,['One 2 Ka 4'],1.0,One 2 Ka 4,2426.0,80156935.0,Movie,Shashilal K. Nair,"Shah Rukh Khan, Juhi Chawla, Jackie Shroff, Nirmal Pandey, Dilip Joshi, Sahila Chaddha, Suresh Chatwal, Bharat Dabholkar, Baby Gazala, Akash Khurana",India,"March 15, 2017",2001.0,TV-14,160 min,"Action & Adventure, Comedies, Dramas","When his partner is killed, a young cop is forced to care for the man's four children, and solicits the help of a woman who moves in with them.",217934.0,tt0227194,movie,One 2 Ka 4,0.0,2001,N,169.0,"Action,Comedy,Crime"
189,To All the Boys: P.S. I Still Love You,2020-02-14,Friday,February,"['To All the Boys', ' P.S. I Still Love You']",2.0,To All the Boys: P.S. I Still Love You,351532.0,,,,,,,,,,,,7164892.0,tt9354842,movie,To All the Boys: P.S. I Still Love You,0.0,2020,N,101.0,"Comedy,Drama,Romance"
190,Bareilly Ki Barfi,2020-02-05,Wednesday,February,['Bareilly Ki Barfi'],1.0,Bareilly Ki Barfi,5205.0,81016193.0,Movie,Ashwiny Iyer Tiwari,"Ayushmann Khurrana, Kriti Sanon, Rajkummar Rao, Pankaj Tripathi, Seema Pahwa, Rohit Chaudhury, Swati Semwal",India,"August 21, 2018",2017.0,TV-PG,110 min,"Comedies, Dramas, International Movies","When she falls in love with the author of a novel she adores, bohemian Bitti enlists the help of a local printer to find her new object of affection.",6045134.0,tt6967980,movie,Bareilly Ki Barfi,0.0,2017,N,116.0,"Comedy,Romance"
191,Mean Girls,2020-01-30,Thursday,January,['Mean Girls'],1.0,Mean Girls,154636.0,,,,,,,,,,,,361905.0,tt0377092,movie,Mean Girls,0.0,2004,N,97.0,Comedy
192,The Knight Before Christmas,2020-01-08,Wednesday,January,['The Knight Before Christmas'],1.0,The Knight Before Christmas,1270.0,81026188.0,Movie,Monika Mitchell,"Vanessa Hudgens, Josh Whitehouse, Emmanuelle Chriqui, Harry Jarvis, Mimi Gianopulos, Ella Kenion, Jean-Michel Le Gal, Arnold Pinnock",United States,"November 21, 2019",2019.0,TV-14,93 min,"Children & Family Movies, Comedies, Romantic Movies","Medieval magic sends a 14th-century knight to modern-day Ohio, where he falls for a high school science teacher who's disillusioned by love.",1002987.0,tt10060094,movie,The Knight Before Christmas,0.0,2019,N,92.0,"Adventure,Comedy,Drama"
193,The Last Summer,2020-01-08,Wednesday,January,['The Last Summer'],1.0,The Last Summer,1800.0,80999729.0,Movie,William Bindley,"K.J. Apa, Maia Mitchell, Tyler Posey, Jacob Latimore, Halston Sage, Wolfgang Novogratz, Sosie Bacon, Jacob McCarthy, Mario Revolori, Gage Golightly, Audrey Grace Marshall",United States,"May 3, 2019",2019.0,TV-14,110 min,"Comedies, Romantic Movies","Teens from a Chicago high school grapple with their dreams, relationships and identities in a transformative summer before they leave for college.",292995.0,tt0305747,movie,The Last Summer,0.0,2004,N,95.0,Drama
194,The Last Summer,2020-01-08,Wednesday,January,['The Last Summer'],1.0,The Last Summer,1801.0,80999729.0,Movie,William Bindley,"K.J. Apa, Maia Mitchell, Tyler Posey, Jacob Latimore, Halston Sage, Wolfgang Novogratz, Sosie Bacon, Jacob McCarthy, Mario Revolori, Gage Golightly, Audrey Grace Marshall",United States,"May 3, 2019",2019.0,TV-14,110 min,"Comedies, Romantic Movies","Teens from a Chicago high school grapple with their dreams, relationships and identities in a transformative summer before they leave for college.",3067919.0,tt1378275,movie,The Last Summer,0.0,2008,N,81.0,Comedy
195,The Last Summer,2020-01-08,Wednesday,January,['The Last Summer'],1.0,The Last Summer,1802.0,80999729.0,Movie,William Bindley,"K.J. Apa, Maia Mitchell, Tyler Posey, Jacob Latimore, Halston Sage, Wolfgang Novogratz, Sosie Bacon, Jacob McCarthy, Mario Revolori, Gage Golightly, Audrey Grace Marshall",United States,"May 3, 2019",2019.0,TV-14,110 min,"Comedies, Romantic Movies","Teens from a Chicago high school grapple with their dreams, relationships and identities in a transformative summer before they leave for college.",3661830.0,tt1996408,movie,The Last Summer,0.0,2011,N,76.0,"Comedy,Horror"
196,The Last Summer,2020-01-08,Wednesday,January,['The Last Summer'],1.0,The Last Summer,1803.0,80999729.0,Movie,William Bindley,"K.J. Apa, Maia Mitchell, Tyler Posey, Jacob Latimore, Halston Sage, Wolfgang Novogratz, Sosie Bacon, Jacob McCarthy, Mario Revolori, Gage Golightly, Audrey Grace Marshall",United States,"May 3, 2019",2019.0,TV-14,110 min,"Comedies, Romantic Movies","Teens from a Chicago high school grapple with their dreams, relationships and identities in a transformative summer before they leave for college.",6507656.0,tt7957694,movie,The Last Summer,0.0,2019,N,109.0,"Comedy,Romance"
